nickname,active_since,age,body_type,athletic_type,city,state,country
cpedlow0,2014-05-13 15:58:29,47,curvy,sweaty generalist,Imeni Zhelyabova,,Russia
gavis1,2012-12-28 9:53:11,55,curvy,dancer,Arras,Nord-Pas-de-Calais,France
cburdess2,2009-06-13 8:05:58,53,slim,cyclist,Oyskhara,,Russia
jadnet3,2012-07-21 3:02:49,40,petite,sweaty generalist,Santa Elena,,Argentina
iscane4,2009-04-24 21:58:47,37,curvy,runner,Vol’sk,,Russia
cnutt5,2011-04-30 5:06:23,34,solid,dancer,Orléans,Centre,France
cthames6,2013-01-10 22:10:17,17,solid,yogi,Paris 09,Île-de-France,France
nkincla7,2017-10-16 10:27:35,33,slim,runner,Tampere,,Finland
vrouchb,2010-05-29 14:30:39,48,athletic,cyclist,Meaux,Île-de-France,France
debornc,2011-05-04 13:20:35,40,curvy,cyclist,Noyal-sur-Vilaine,Bretagne,France
dcrimind,2017-06-01 4:47:23,33,muscular,dancer,Tulsa,Oklahoma,United States
gleevese,2011-03-01 15:42:20,39,petite,cyclist,Leipzig,Sachsen,Germany
dculrossf,2014-03-31 9:29:52,39,solid,runner,Charlotte,North Carolina,United States
qlerigol,2007-11-23 23:38:23,41,lean,cyclist,Cincinnati,Ohio,United States
dpettecrewm,2016-01-31 15:28:25,41,lean,dancer,Pushkinskiye Gory,,Russia
mvintenn,2013-03-14 21:43:53,37,athletic,sweaty generalist,Cergy-Pontoise,Île-de-France,France
ctattooo,2009-07-03 3:41:48,62,curvy,yogi,Cedar Rapids,Iowa,United States
bchaffeyp,2014-01-10 4:43:18,49,slim,yogi,Strasbourg,Alsace,France
gleakeq,2013-09-15 7:07:38,53,muscular,runner,Vitrolles,Provence-Alpes-Côte d'Azur,France
yguionr,2007-06-27 3:32:38,27,curvy,cyclist,Shimorskoye,,Russia
dgimbretts,2015-03-13 3:57:54,68,lean,cyclist,Bressuire,Poitou-Charentes,France
pbinsteadt,2008-03-05 10:38:13,35,lean,sweaty generalist,Montpellier,Languedoc-Roussillon,France
drontreeu,2009-09-15 13:29:54,25,lean,cyclist,Kungur,,Russia
ajentinv,2013-03-27 16:54:33,46,athletic,runner,Staroshcherbinovskaya,,Russia
pharsnipew,2009-10-27 0:26:52,51,solid,sweaty generalist,Saumur,Pays de la Loire,France
ltheodorex,2016-09-04 11:35:31,58,lean,yogi,Paris 11,Île-de-France,France
tbuttingy,2017-06-29 12:11:18,61,muscular,cyclist,Tyler,Texas,United States
emathonz,2016-06-06 16:23:52,28,slim,dancer,High Prairie,Alberta,Canada
pwhorlow10,2011-07-21 1:40:56,35,solid,sweaty generalist,Spitsevka,,Russia
mchicchelli11,2014-07-17 12:38:32,53,petite,cyclist,Lazaro Cardenas,Michoacan De Ocampo,Mexico
thazeup12,2011-01-17 15:25:29,20,curvy,yogi,Aylmer,Ontario,Canada
ralthorpe13,2013-01-26 1:47:09,41,curvy,sweaty generalist,Polovinnoye,,Russia
geglise14,2016-06-20 19:26:26,57,petite,cyclist,Milton,England,United Kingdom
scobbald15,2011-02-05 20:45:01,66,lean,cyclist,Yartsevo,,Russia
fbetts16,2016-02-10 13:46:20,67,athletic,runner,Arraga,,Argentina
dvivyan17,2007-11-23 19:10:24,62,curvy,dancer,New York City,New York,United States
mcasoni18,2013-04-29 23:33:38,63,lean,dancer,Magrath,Alberta,Canada
arobken19,2013-02-07 20:22:47,30,curvy,yogi,Golbey,Lorraine,France
smattityahou1a,2008-03-17 20:18:01,25,petite,sweaty generalist,Kuytun,,Russia
zpariso1b,2011-02-14 8:53:00,65,muscular,sweaty generalist,Dallas,Texas,United States
lfurlow1c,2012-10-10 2:39:56,21,solid,cyclist,Marseille,Provence-Alpes-Côte d'Azur,France
ahenze1d,2018-05-24 17:55:24,63,petite,yogi,Pyhäsalmi,,Finland
khalm1e,2008-01-19 23:24:37,30,curvy,sweaty generalist,Vienna,Virginia,United States
apendre1f,2012-05-17 6:06:13,44,muscular,yogi,Saint Joseph,Missouri,United States
hcolly1g,2011-02-13 8:07:40,48,athletic,yogi,Paris La Défense,Île-de-France,France
kivanikhin1h,2008-12-14 0:17:07,38,lean,cyclist,Badar,,Russia
wcleverley1i,2011-05-11 3:43:56,23,curvy,runner,Liminka,,Finland
lpiatto1m,2009-07-12 23:36:52,60,athletic,yogi,Toledo,Ohio,United States
mballefant1n,2012-04-05 4:12:26,55,curvy,dancer,Charlotte,North Carolina,United States
tboards1o,2010-05-22 0:21:24,42,athletic,sweaty generalist,Monastyrishche,,Russia
mateggart1p,2016-01-26 0:31:39,60,solid,yogi,Waterbury,Connecticut,United States
aeastup1q,2015-02-25 12:22:43,41,curvy,cyclist,Princeville,Québec,Canada
nprator1r,2012-02-07 18:27:08,54,lean,cyclist,San Rafael,San Luis Potosi,Mexico
dkullmann1s,2017-07-19 22:25:45,59,curvy,dancer,Aylmer,Ontario,Canada
nautry1t,2016-04-10 23:13:09,33,muscular,runner,Saint Petersburg,Florida,United States
bmuspratt1u,2011-10-30 8:25:50,53,petite,dancer,Proletarsk,,Russia
hmirralls1v,2007-06-18 8:56:06,23,curvy,runner,Compiègne,Picardie,France
wlievesley1w,2010-03-08 0:27:40,62,curvy,cyclist,Vicente Guerrero,Guerrero,Mexico
mdahill1x,2007-10-10 10:45:18,47,solid,sweaty generalist,Little Rock,Arkansas,United States
jfradgley1y,2013-04-02 10:43:41,25,solid,runner,Novocheboksarsk,,Russia
dbrearty1z,2008-11-15 21:53:14,41,muscular,sweaty generalist,Grenoble,Rhône-Alpes,France
gheinicke20,2014-07-08 11:48:11,52,muscular,yogi,Saint-Bruno,Québec,Canada
dflatte21,2009-04-08 6:16:03,38,slim,yogi,Cergy-Pontoise,Île-de-France,France
wsimmank22,2007-07-05 5:21:15,18,lean,cyclist,Oullins,Rhône-Alpes,France
jroloff23,2012-12-17 2:42:37,19,muscular,cyclist,Sheffield,England,United Kingdom
rdragoe24,2015-09-07 5:31:10,47,muscular,yogi,Cincinnati,Ohio,United States
mwaddy25,2008-12-31 21:14:41,20,petite,yogi,Omaha,Nebraska,United States
bmeece26,2012-08-26 0:31:11,42,curvy,runner,Paris 16,Île-de-France,France
nmargrem27,2018-06-02 7:28:20,23,solid,dancer,Korsakovo,,Russia
wbreazeall28,2008-11-24 15:28:41,28,petite,dancer,Charlotte,North Carolina,United States
awilne29,2017-06-18 6:43:44,33,lean,yogi,Morón,,Argentina
ssettle2a,2017-07-09 12:05:17,57,slim,cyclist,Santa Cecilia,Jalisco,Mexico
aleguey2b,2017-05-23 7:56:41,51,lean,sweaty generalist,Melville,Saskatchewan,Canada
sfilipyev2c,2011-09-18 9:02:37,42,muscular,dancer,Otradnoye,,Russia
dsharkey2d,2007-11-21 15:05:17,56,slim,yogi,Cosquín,,Argentina
dlinge2e,2015-10-14 10:14:06,27,athletic,cyclist,Fullerton,California,United States
dtommasi2f,2007-10-15 12:04:55,39,curvy,runner,Syntul,,Russia
fclendening2g,2017-02-15 13:46:06,41,athletic,sweaty generalist,Tashtagol,,Russia
lmaccurley2h,2014-01-02 14:40:26,39,lean,sweaty generalist,Anguil,,Argentina
vtoller2i,2011-10-13 9:33:06,45,athletic,cyclist,Washington,District of Columbia,United States
vbrothers2j,2011-05-24 18:03:52,40,athletic,cyclist,Muurla,,Finland
mtremble2k,2009-01-08 2:49:36,17,petite,runner,Yemva,,Russia
sdavall2l,2007-10-31 21:42:18,35,lean,cyclist,Paris 08,Île-de-France,France
ypatnelli2m,2013-08-06 11:52:48,36,curvy,runner,Amarillo,Texas,United States
dcoull2n,2010-07-18 16:58:36,25,athletic,sweaty generalist,Fargo,North Dakota,United States
dfonso2o,2017-02-10 2:17:02,49,athletic,sweaty generalist,Villa Atamisqui,,Argentina
ztawse2p,2012-11-14 18:47:15,42,curvy,sweaty generalist,Washington,District of Columbia,United States
dhurdwell2q,2013-01-04 9:09:54,61,athletic,runner,Phoenix,Arizona,United States
hsyne2r,2008-04-16 16:30:12,46,muscular,yogi,Seattle,Washington,United States
bleet2s,2009-07-27 2:32:41,67,solid,dancer,Melfort,Saskatchewan,Canada
nrivitt2t,2007-11-24 0:30:18,20,lean,cyclist,Kingsey Falls,Québec,Canada
nsawdy2u,2017-06-13 3:13:34,46,slim,runner,Picton,Ontario,Canada
epickett2v,2011-09-16 13:25:07,20,petite,yogi,Bassano,Alberta,Canada
pmcateer2w,2010-07-26 18:05:33,44,curvy,dancer,Strasbourg,Alsace,France
hdelgardillo2x,2013-03-16 9:22:25,57,curvy,cyclist,Wilmington,North Carolina,United States
wgypson2y,2016-06-23 10:42:37,60,solid,runner,Villefontaine,Rhône-Alpes,France
rlyall2z,2011-12-06 22:59:02,38,curvy,yogi,Villefranche-sur-Saône,Rhône-Alpes,France
jacaster32,2014-03-27 14:03:14,49,solid,yogi,San Martín de los Andes,,Argentina
gramsier33,2017-02-01 17:51:14,46,lean,yogi,Golden,British Columbia,Canada
idinan34,2007-12-19 6:03:47,51,muscular,dancer,Orlando,Florida,United States
rstrahan35,2011-06-15 0:25:40,33,solid,sweaty generalist,Springfield,Massachusetts,United States
rtunkin36,2008-05-02 1:05:38,61,petite,runner,Kropachëvo,,Russia
kchatel37,2010-03-06 22:17:37,61,solid,cyclist,Charleston,West Virginia,United States
kgockelen38,2011-10-14 16:01:22,35,petite,runner,El Zapote,Guanajuato,Mexico
btutchener39,2018-01-14 14:51:45,42,slim,sweaty generalist,Yegorlykskaya,,Russia
flaverty3a,2014-06-05 18:53:15,63,solid,yogi,Dieppe,Haute-Normandie,France
kshapero3b,2011-05-23 7:38:46,45,athletic,runner,Young America,Minnesota,United States
dechlin3c,2016-10-02 8:45:55,33,muscular,runner,Tuymazy,,Russia
mthormwell3d,2014-07-09 2:48:14,45,slim,cyclist,Volot,,Russia
sdiess3e,2012-03-25 23:28:49,53,slim,sweaty generalist,Sechelt,British Columbia,Canada
mstiger3f,2008-04-20 16:26:59,65,athletic,runner,Vostryakovo,,Russia
eivery3g,2010-03-25 16:33:17,28,curvy,cyclist,Rouen,Haute-Normandie,France
smapston3h,2013-09-06 20:55:06,42,slim,dancer,Presidencia Roque Sáenz Peña,,Argentina
bwyllt3i,2008-11-05 13:42:12,32,muscular,yogi,Fernández,,Argentina
fchantrell3j,2008-11-04 14:52:05,30,muscular,yogi,Sysert’,,Russia
mludlow3k,2014-08-26 6:36:46,17,curvy,cyclist,Leninskiy,,Russia
dsmeath3l,2018-05-29 18:04:33,62,athletic,cyclist,Wilmington,Delaware,United States
eblasius3m,2017-10-23 5:48:51,30,muscular,runner,Bagan,,Russia
ajorge3n,2010-09-12 18:15:31,22,muscular,cyclist,San Jose,Oaxaca,Mexico
adimitru3o,2009-06-10 8:15:48,24,lean,cyclist,Telsen,,Argentina
gfinder3p,2012-11-14 9:15:30,43,lean,dancer,Sochaux,Franche-Comté,France
cmacgray3q,2008-01-22 18:19:24,68,solid,cyclist,Huntington,West Virginia,United States
abegin3r,2014-03-07 13:01:09,50,slim,dancer,Taganrog,,Russia
sruddiforth3s,2015-01-11 11:47:58,32,muscular,yogi,Strasbourg,Alsace,France
etappington3t,2013-12-25 16:47:38,23,slim,runner,New York City,New York,United States
scurryer3u,2015-01-13 23:17:14,66,muscular,cyclist,Emiliano Zapata,Tamaulipas,Mexico
padolfsen3v,2013-10-01 11:51:02,56,lean,cyclist,Whistler,British Columbia,Canada
bladon3w,2017-07-26 13:52:36,27,athletic,sweaty generalist,Catriló,,Argentina
sschlagman3x,2015-07-08 23:41:49,50,petite,runner,Rennes,Bretagne,France
kwhitloe3y,2011-10-16 3:20:21,46,curvy,cyclist,Karabash,,Russia
cmarthen3z,2009-06-15 13:49:20,23,slim,runner,Solnechnogorsk,,Russia
eocannovane40,2014-10-29 19:00:53,18,solid,yogi,Las Palmas,Tamaulipas,Mexico
ewiddowson41,2010-09-18 1:32:49,67,muscular,cyclist,Rtishchevo,,Russia
vsangra42,2015-07-20 14:58:46,35,petite,cyclist,Nantes,Pays de la Loire,France
lsouthall43,2014-01-31 9:39:41,66,lean,dancer,Denver,Colorado,United States
mgillbey44,2014-04-15 9:02:47,24,slim,dancer,Ust’-Katav,,Russia
fhalwill45,2010-08-23 11:26:05,58,muscular,dancer,Bureya,,Russia
eguthrum46,2014-01-21 21:19:45,22,slim,sweaty generalist,Monteros,,Argentina
ttarren47,2013-11-22 13:56:57,52,muscular,cyclist,Kardzhin,,Russia
ostearne48,2017-06-15 17:02:50,17,lean,sweaty generalist,Carlos Tejedor,,Argentina
ekeller49,2017-09-10 15:35:09,26,muscular,sweaty generalist,Corpus Christi,Texas,United States
kortler4a,2016-12-26 1:09:07,24,athletic,dancer,Novyy Oskol,,Russia
enewvell4b,2016-11-11 7:31:13,26,athletic,runner,Temizhbekskaya,,Russia
edonnan4c,2013-05-09 20:10:11,53,slim,sweaty generalist,Shchëkino,,Russia
pram4e,2014-05-26 4:49:35,38,athletic,sweaty generalist,Pavlovka,,Russia
fmackenzie4f,2011-01-09 23:17:51,44,slim,dancer,La Clotilde,,Argentina
sblanning4g,2017-11-29 10:03:53,66,muscular,dancer,Laprida,,Argentina
gmerida4h,2011-12-01 11:16:00,41,solid,runner,Dagestanskiye Ogni,,Russia
lschaumaker4i,2013-05-23 1:53:24,62,athletic,dancer,Richmond,Virginia,United States
etrethowan4j,2011-12-24 15:13:26,54,solid,runner,Krasnogorskoye,,Russia
tdelacoste4k,2007-07-20 20:12:30,55,curvy,sweaty generalist,Kosaya Gora,,Russia
dlever4l,2007-11-21 5:27:48,67,muscular,sweaty generalist,Lafayette,Louisiana,United States
cbanisch4m,2014-06-10 8:29:55,57,petite,runner,Vannes,Bretagne,France
vcapini4q,2009-05-11 17:05:54,30,petite,cyclist,Austin,Texas,United States
akrabbe4r,2016-07-23 5:06:23,48,petite,sweaty generalist,Tecka,,Argentina
fmarikhin4s,2016-06-21 3:02:47,62,petite,yogi,Burmakino,,Russia
hfeldbaum4t,2009-11-21 1:06:52,49,lean,runner,Saraktash,,Russia
bmacbean4u,2016-11-05 4:08:09,30,slim,runner,Chesma,,Russia
gsconce4v,2008-11-27 14:59:04,34,solid,sweaty generalist,Independencia,Mexico,Mexico
ozambon4w,2012-06-11 11:50:54,31,athletic,runner,Monticello,Minnesota,United States
jchild4x,2018-05-04 20:36:49,50,curvy,sweaty generalist,Novaya Usman’,,Russia
mlydall4y,2010-07-08 7:32:24,17,slim,sweaty generalist,Alastaro,,Finland
rdibling4z,2012-02-09 21:53:56,31,solid,sweaty generalist,Brampton,Ontario,Canada
gcoast50,2012-06-06 3:46:30,43,athletic,sweaty generalist,Dallas,Texas,United States
chaquin53,2012-08-30 3:03:31,24,lean,dancer,San Antonio,San Luis Potosi,Mexico
adeesly54,2013-01-04 3:29:44,26,petite,dancer,Arras,Nord-Pas-de-Calais,France
clouis55,2016-11-25 8:37:21,52,lean,sweaty generalist,Italó,,Argentina
mtamas56,2017-09-08 3:12:14,42,solid,sweaty generalist,Misheronskiy,,Russia
cyarrall57,2015-12-29 20:18:42,60,petite,yogi,Huntington Beach,California,United States
djanoch58,2016-11-24 2:43:15,17,slim,sweaty generalist,Ojo de Agua,Michoacan De Ocampo,Mexico
ksandeford59,2014-05-15 8:27:11,27,lean,runner,Planovskoye,,Russia
spyrke5a,2008-02-17 18:43:14,48,slim,yogi,Strasbourg,Alsace,France
ppetersen5b,2017-02-10 4:51:11,43,petite,dancer,Loma Bonita,Morelos,Mexico
kandrioni5c,2013-09-22 20:16:21,30,lean,yogi,Kirovgrad,,Russia
llardeur5d,2015-06-10 3:12:50,50,solid,cyclist,Paris 02,Île-de-France,France
fgoudy5e,2011-02-17 6:37:51,46,slim,sweaty generalist,Houston,Texas,United States
drenzini5f,2015-07-04 6:03:23,40,lean,sweaty generalist,Sacramento,California,United States
cdarinton5g,2016-08-14 3:15:23,68,slim,yogi,Comallo,,Argentina
bperel5h,2007-07-08 14:09:06,67,petite,sweaty generalist,Kudymkar,,Russia
jcracknell5i,2008-04-02 13:40:40,67,petite,dancer,Morelos,Mexico,Mexico
acastellone5j,2008-06-11 3:24:51,64,athletic,yogi,Corpus Christi,Texas,United States
jives5k,2013-10-03 12:35:45,43,muscular,sweaty generalist,Jardin,Veracruz Llave,Mexico
ghankins5l,2012-04-09 11:54:07,37,curvy,dancer,El Zapote,Guerrero,Mexico
leustice5m,2010-05-26 0:43:27,43,muscular,runner,Strasbourg,Alsace,France
vgarrand5n,2013-06-10 19:23:00,49,muscular,runner,Meget,,Russia
amacaloren5o,2011-09-02 13:36:12,23,petite,cyclist,Kiel,Schleswig-Holstein,Germany
sbowcher5p,2011-10-14 7:54:11,30,solid,dancer,Beaufort,South Carolina,United States
othome5q,2009-10-02 1:56:47,54,athletic,dancer,Mama,,Russia
acomellini5r,2014-11-30 19:37:53,21,solid,cyclist,Futuroscope,Poitou-Charentes,France
hwitcombe5s,2012-04-12 22:10:09,37,athletic,dancer,Leppävirta,,Finland
etremmel5t,2017-05-21 11:48:52,47,petite,yogi,Châtellerault,Poitou-Charentes,France
asturmey5u,2015-11-22 7:00:49,51,slim,runner,Shuvakish,,Russia
ileinweber5v,2018-03-12 11:24:06,28,slim,dancer,Rockford,Illinois,United States
msummerhayes5w,2017-12-29 18:07:20,62,solid,sweaty generalist,Krasnodar,,Russia
bdalesio5x,2010-09-04 8:25:39,18,slim,runner,Seattle,Washington,United States
wverrall5y,2014-10-11 23:39:29,61,solid,runner,Antipino,,Russia
sdrury5z,2015-11-27 18:54:22,20,curvy,cyclist,Sydney Mines,Nova Scotia,Canada
hwilliamson60,2018-01-15 23:17:53,35,slim,sweaty generalist,Neuquén,,Argentina
ssulley61,2016-09-21 8:01:16,34,muscular,sweaty generalist,Taganrog,,Russia
jpetrovsky62,2017-10-31 8:17:53,45,slim,yogi,Philadelphia,Pennsylvania,United States
lthorneley63,2016-09-11 17:30:46,67,petite,dancer,Troyes,Champagne-Ardenne,France
dsline64,2008-09-03 4:03:07,66,muscular,yogi,Solntsevo,,Russia
dhacker65,2012-10-26 7:23:28,64,muscular,runner,Arlington,Virginia,United States
cboyen66,2007-06-12 4:38:19,28,athletic,runner,Leninogorsk,,Russia
gbeavers67,2008-08-09 17:40:02,45,solid,cyclist,20 de Noviembre,Veracruz Llave,Mexico
pberisford68,2009-09-23 2:34:54,27,muscular,runner,Los Fresnos,Guanajuato,Mexico
rbartolomeoni69,2009-06-06 19:03:37,62,athletic,cyclist,Ulluaya,,Russia
ngoudie6a,2010-02-18 19:27:28,67,athletic,cyclist,Murygino,,Russia
mneumann6b,2007-08-09 19:21:37,28,curvy,sweaty generalist,Reforma,Tabasco,Mexico
tzanettini6c,2016-10-30 19:50:09,68,muscular,sweaty generalist,Gorbatovka,,Russia
kbottini6d,2008-02-06 15:32:38,53,curvy,dancer,Benito Juarez,Morelos,Mexico
tmacgillacolm6e,2014-02-15 4:51:44,23,solid,runner,Ol’gino,,Russia
nhance6f,2018-01-07 3:16:04,47,slim,yogi,Nartkala,,Russia
bgeering6g,2012-01-08 11:09:09,41,athletic,yogi,Uptar,,Russia
bgyngyll6h,2018-05-08 6:53:10,63,lean,yogi,Baton Rouge,Louisiana,United States
hstorms6i,2015-10-20 13:21:23,37,slim,yogi,El Soberbio,,Argentina
bmillgate6j,2010-09-02 20:05:15,51,athletic,dancer,Davydovo,,Russia
tstorck6k,2012-05-09 4:54:15,54,curvy,cyclist,Novo-Nikol’skoye,,Russia
jemmines6l,2016-05-06 13:16:57,29,muscular,yogi,München,Bayern,Germany
jkuhle6m,2013-11-17 1:50:25,56,solid,dancer,Dallas,Texas,United States
aalp6n,2011-03-13 22:48:48,23,athletic,cyclist,Neuilly-sur-Seine,Île-de-France,France
cgoulbourn6t,2016-02-16 11:57:55,27,athletic,sweaty generalist,Limoges,Limousin,France
cravenscraft6u,2016-11-27 17:02:56,32,solid,dancer,Murom,,Russia
cmcelhinney6v,2018-01-06 7:45:07,30,slim,runner,Mtsensk,,Russia
cwalley6w,2008-12-11 2:22:19,47,athletic,runner,Saint-Ouen,Île-de-France,France
rmatlock6x,2010-02-19 14:37:17,17,curvy,cyclist,Rochester,New York,United States
mmcduffy6y,2011-04-01 5:15:09,27,petite,cyclist,Bol’shoye Skuratovo,,Russia
greadwing6z,2012-10-07 14:40:13,39,slim,yogi,Maksatikha,,Russia
ilawrey70,2014-07-25 8:36:46,49,lean,dancer,Dammarie-les-Lys,Île-de-France,France
wkilday71,2014-05-28 0:33:37,38,lean,cyclist,Río Colorado,,Argentina
amary72,2017-12-17 6:06:24,65,solid,sweaty generalist,Valence,Rhône-Alpes,France
zpaolucci73,2014-11-06 2:54:18,19,muscular,dancer,Hannover,Niedersachsen,Germany
kandriesse74,2013-08-16 21:37:20,40,muscular,cyclist,Casilda,,Argentina
kpoppy75,2015-11-28 8:35:07,35,muscular,sweaty generalist,Pavlovskaya,,Russia
fbunny76,2009-07-29 5:37:02,28,solid,cyclist,Huntington,West Virginia,United States
zmcadam77,2010-06-23 3:38:59,44,curvy,sweaty generalist,Ural,,Russia
gvictoria78,2017-05-16 20:48:18,34,curvy,sweaty generalist,Lyon,Rhône-Alpes,France
ctrill79,2015-04-30 3:18:01,19,slim,cyclist,Denton,England,United Kingdom
cemblin7a,2008-03-17 14:30:50,51,slim,runner,Merlo,,Argentina
ebasey7h,2014-01-07 10:30:24,66,lean,dancer,Dorval,Québec,Canada
spoynzer7i,2017-12-11 15:30:00,62,solid,dancer,Primero de Mayo,Coahuila De Zaragoza,Mexico
mimeson7j,2016-05-29 14:20:54,17,muscular,runner,Sestroretsk,,Russia
dalvaro7k,2013-02-18 7:20:42,51,slim,sweaty generalist,San Carlos de Bariloche,,Argentina
alartice7s,2015-04-23 11:54:10,27,athletic,yogi,Lazaro Cardenas,Guerrero,Mexico
mheaviside7t,2009-12-18 2:39:03,47,solid,dancer,San Fernando del Valle de Catamarca,,Argentina
ebroadway7u,2010-01-22 10:53:21,46,petite,runner,Infonavit,San Luis Potosi,Mexico
pphlipon7z,2007-12-06 1:15:37,52,curvy,dancer,Wintzenheim,Alsace,France
splaunch80,2016-04-02 9:58:02,57,muscular,yogi,Talitsy,,Russia
cackrill81,2016-06-13 7:19:21,60,solid,dancer,Selkirk,Manitoba,Canada
kjouning82,2011-10-31 7:51:42,57,slim,runner,Grazhdanka,,Russia
mkeenlyside83,2010-08-25 15:09:32,41,lean,runner,Pytalovo,,Russia
wcockerell84,2012-09-22 13:29:13,55,solid,yogi,Libertad,Sonora,Mexico
rthomsson85,2011-07-14 1:07:35,42,lean,sweaty generalist,Baie-Saint-Paul,Québec,Canada
gmaddern86,2017-10-04 20:16:20,50,slim,yogi,Aleksandrovsk-Sakhalinskiy,,Russia
fleathe87,2016-09-14 16:40:09,41,lean,cyclist,Littleton,Colorado,United States
heveleigh88,2017-01-01 17:39:04,37,solid,runner,Voznesen’ye,,Russia
mredhole89,2014-03-16 20:30:13,35,athletic,yogi,Gazimurskiy Zavod,,Russia
pkrochmann8a,2011-11-10 5:44:17,28,petite,cyclist,Vitry-sur-Seine,Île-de-France,France
ascholcroft8b,2017-08-22 23:50:13,47,athletic,dancer,Pskov,,Russia